Name,Type,Alignment,Size,CR,AC,HP,Spellcasting?,Attack 1 damage,Attack 2 Damage,Page,CR,STR,DEX,CON,INT,WIS,CHA,Arctic,Coast,Desert,Forest,Grassland,Hill,Mountain,Swamp,Underdark,Underwater,Urban
Aarakocra,Humanoid,NG,Medium,.25,12,13,NO,1d4+2,1d6+2,12,0.25,10,14,10,11,12,11,NO,NO,NO,NO,NO,NO,YES,NO,NO,NO,NO
Aboleth,Aberration,LE,Large,10,17,135,NO,2d6+5,3d6+5,13,10,21,9,15,18,15,18,NO,NO,NO,NO,NO,NO,NO,NO,YES,NO,NO
Abominable Yeti,Monstrosity,CE,Huge,9,15,137,NO,4d6+7,6d6,306,9,24,10,22,9,13,9,YES,NO,NO,NO,NO,NO,NO,NO,NO,NO,NO
Acolyte,Humanoid,ANY,Medium,.25,10,9,YES,1d4,N/A,342,0.25,10,10,10,10,14,11,NO,NO,NO,NO,NO,NO,NO,NO,NO,NO,YES
Air Elemental,Elemental,N,Large,5,15,90,NO,2d8+5,3d8+2,124,5,14,20,14,6,10,6,NO,NO,YES,NO,NO,NO,YES,NO,NO,NO,NO
Allosaurus,Beast,U,Large,2,13,51,NO,2d10+4,1d8+4,79,2,19,13,17,2,12,5,NO,NO,NO,NO,YES,NO,NO,NO,NO,NO,NO
Androsphinx,Monstrosity,LN,Large,17,17,199,YES,2d10+6,N/A,281,17,22,10,20,16,18,23,NO,NO,YES,NO,NO,NO,NO,NO,NO,NO,NO
Animated Armor,Construct,U,Medium,1,18,33,NO,1d6+2,N/A,19,1,14,11,13,1,3,1,NO,NO,NO,NO,NO,NO,NO,NO,NO,NO,NO
Ankheg,Monstrosity,U,Large,2,14,39,NO,3d6+3,3d6,21,2,17,11,13,1,13,6,NO,NO,NO,YES,YES,NO,NO,NO,NO,NO,NO
Ankylosaurus,Beast,U,Huge,3,15,68,NO,4d6+4,N/A,79,3,19,11,15,2,12,5,NO,NO,NO,NO,YES,NO,NO,NO,NO,NO,NO
Ape,Beast,U,Medium,.5,12,19,NO,1d6+3,1d6+3,317,0.5,16,14,14,6,12,7,NO,NO,NO,YES,NO,NO,NO,NO,NO,NO,NO
Arcanaloth,Fiend,NE,Medium,12,17,104,YES,2d4+3,N/A,313,12,17,12,14,20,16,17,NO,NO,NO,NO,NO,NO,NO,NO,NO,NO,NO
Archmage,Humanoid,ANY,Medium,12,12,99,YES,1d4+2,N/A,342,12,10,14,12,20,15,16,NO,NO,NO,NO,NO,NO,NO,NO,NO,NO,NO
Assassin,Humanoid,NOT GOOD,Medium,8,15,78,NO,1d6+3,1d8+3,343,8,11,16,14,13,11,10,NO,NO,NO,NO,NO,NO,NO,NO,NO,NO,YES
Awakened Shrub,Plant,U,Small,0,9,10,NO,1d4-1,N/A,317,0,3,8,11,10,10,6,NO,NO,NO,YES,NO,NO,NO,NO,NO,NO,NO
Awakened Tree,Plant,U,Huge,2,13,59,NO,3d6+4,N/A,317,2,19,6,15,10,10,7,NO,NO,NO,YES,NO,NO,NO,NO,NO,NO,NO
Axe Beak,Beast,U,Large,.25,11,19,NO,1d8+2,N/A,317,0.25,14,12,12,2,10,5,NO,NO,NO,NO,YES,YES,NO,NO,NO,NO,NO
Azer,Elemental,LN,Medium,2,17,39,NO,1d8+3,N/A,22,2,17,12,15,12,13,10,NO,NO,NO,NO,NO,NO,NO,NO,NO,NO,NO
Baboon,Beast,U,Small,0,12,3,NO,1d4-1,N/A,318,0,8,14,11,4,12,6,NO,NO,NO,YES,NO,YES,NO,NO,NO,NO,NO
Badger,Beast,U,Tiny,0,10,3,NO,1,N/A,318,0,4,11,12,2,12,5,NO,NO,NO,YES,NO,NO,NO,NO,NO,NO,NO
Balor,Fiend (Demon),CE,Huge,19,19,262,NO,3d8+8,2d6+8,55,19,26,15,22,20,16,22,NO,NO,NO,NO,NO,NO,NO,NO,NO,NO,NO
Bandit,Humanoid,NOT LAWFUL,Medium,.125,12,11,NO,1d6+1,1d8+1,343,0.13,11,12,12,10,10,10,YES,YES,YES,YES,NO,YES,NO,NO,NO,NO,YES
Bandit Captain,Humanoid,NOT LAWFUL,Medium,2,15,65,NO,1d6+3,1d4+3,344,2,15,16,14,14,11,14,YES,YES,YES,YES,NO,YES,NO,NO,NO,NO,YES
Banshee,Undead,CE,Medium,4,12,58,NO,3d6+2,N/A,23,4,1,14,10,12,11,17,NO,YES,NO,NO,NO,NO,NO,NO,NO,NO,NO
Barbed Devil,Fiend (Devil),LE,Medium,5,15,110,NO,1d6+3,2d6+3,70,5,16,17,18,12,14,14,NO,NO,NO,NO,NO,NO,NO,NO,NO,NO,NO
Barlgura,Fiend (Demon),CE,Large,5,15,68,YES,2d6+4,1d10+4,56,5,18,15,16,7,14,9,NO,NO,NO,NO,NO,NO,NO,NO,NO,NO,NO
Basilisk,Monstrosity,U,Medium,3,15,52,NO,4d6+3,N/A,24,3,16,8,15,2,8,7,NO,NO,NO,NO,NO,NO,YES,NO,NO,NO,NO
Bat,Beast,U,Tiny,0,12,1,NO,1,N/A,318,0,2,15,8,2,12,4,NO,NO,NO,NO,NO,NO,NO,NO,NO,NO,NO
Bearded Devil,Fiend (Devil),LE,Medium,3,13,52,NO,1d8+2,1d10+3,70,3,16,15,15,9,11,11,NO,NO,NO,NO,NO,NO,NO,NO,NO,NO,NO
Behir,Monstrosity,NE,Huge,11,17,168,NO,3d10+6,4d10+12,25,11,23,16,18,7,16,12,NO,NO,NO,NO,NO,NO,NO,NO,YES,NO,NO
Beholder,Aberration,LE,Large,13,18,180,NO,4d6,N/A,28,13,10,14,18,17,15,17,NO,NO,NO,NO,NO,NO,NO,NO,YES,NO,NO
Beholder Zombie,Undead,NE,Large,5,15,93,NO,4d6,N/A,316,5,10,8,16,3,8,5,NO,NO,NO,NO,NO,NO,NO,NO,YES,NO,NO
Berserker,Humanoid,C,Medium,2,13,67,NO,1d12+3,N/A,344,2,16,12,17,9,11,9,YES,YES,YES,YES,NO,YES,YES,NO,NO,NO,NO
Black Bear,Beast,U,Medium,.5,11,19,NO,1d6+2,2d4+2,318,0.5,15,10,14,2,12,7,NO,NO,NO,YES,NO,NO,NO,NO,NO,NO,NO
Adult Black Dragon,Dragon,CE,Huge,14,19,195,NO,2d10+1d8+6,2d6+6,88,14,23,14,21,14,13,17,NO,NO,NO,NO,NO,NO,NO,YES,NO,NO,NO
Ancient Black Dragon,Dragon,CE,Gargantuan,21,22,367,NO,2d10+2d8+8,2d6+8,87,21,27,14,25,16,15,19,NO,NO,NO,NO,NO,NO,NO,YES,NO,NO,NO
Wyrmling Black Dragon,Dragon,CE,Medium,2,17,33,NO,1d10+1d4+2,5d8,88,2,15,14,13,10,11,13,NO,NO,NO,NO,NO,NO,NO,NO,NO,NO,NO
Young Black Dragon,Dragon,CE,Large,7,18,127,NO,2d10+1d8+4,2d6+4,88,7,19,14,17,12,11,15,NO,NO,NO,NO,NO,NO,NO,YES,NO,NO,NO
Black Pudding,Ooze,U,Large,4,7,85,NO,4d8+1d6+3,N/A,241,4,16,5,16,1,6,1,NO,NO,NO,NO,NO,NO,NO,NO,YES,NO,NO
Blink Dog,Fey,LG,Medium,.25,13,22,NO,1d6+1,N/A,318,0.25,12,17,12,10,13,11,NO,NO,NO,YES,NO,NO,NO,NO,NO,NO,NO
Blood Hawk,Beast,U,Small,.125,12,7,NO,1d4+2,N/A,319,0.13,6,14,10,3,14,5,YES,YES,NO,YES,YES,YES,YES,NO,NO,NO,NO
Adult Blue Dragon,Dragon,LE,Huge,16,19,225,NO,3d10+7,2d6+7,91,16,25,10,23,16,15,19,NO,YES,YES,NO,NO,NO,NO,NO,NO,NO,NO
Ancient Blue Dragon,Dragon,LE,Gargantuan,23,22,481,NO,4d10+9,2d6+9,90,23,29,10,27,18,17,21,NO,YES,YES,NO,NO,NO,NO,NO,NO,NO,NO
Wyrmling Blue Dragon,Dragon,LE,Medium,3,17,52,NO,1d10+1d6+3,4d10,91,3,17,10,15,12,11,15,NO,NO,NO,NO,NO,NO,NO,NO,NO,NO,NO
Young Blue Dragon,Dragon,LE,Large,9,18,152,NO,3d10+5,2d6+5,91,9,21,10,19,14,13,17,NO,YES,YES,NO,NO,NO,NO,NO,NO,NO,NO
Blue Slaad,Aberration,CN,Large,7,15,123,NO,2d6+5,2d6+5,276,7,20,15,18,7,7,9,NO,NO,NO,NO,NO,NO,NO,NO,NO,NO,NO
Boar,Beast,U,Medium,.25,11,11,NO,1d6+1,N/A,319,0.25,13,11,12,2,9,5,NO,NO,NO,YES,YES,YES,NO,NO,NO,NO,NO
Bone Devil,Fiend (Devil),LE,Large,9,19,142,NO,1d8+4,2d8+4,71,9,18,16,18,13,14,16,NO,NO,NO,NO,NO,NO,NO,NO,NO,NO,NO
Bone Naga,Undead,LE,Large,4,15,58,YES,5d6+3,N/A,233,4,15,16,12,15,15,16,NO,NO,NO,NO,NO,NO,NO,NO,YES,NO,NO
Adult Brass Dragon,Dragon,CG,Huge,13,18,172,NO,2d10+6,2d6+6,105,13,23,10,21,14,13,17,NO,NO,YES,NO,NO,NO,NO,NO,NO,NO,NO
Ancient Brass Dragon,Dragon,CG,Gargantuan,20,20,297,NO,2d10+8,2d6+8,104,20,27,10,25,16,15,19,NO,NO,YES,NO,NO,NO,NO,NO,NO,NO,NO
Wyrmling Brass Dragon,Dragon,CG,Medium,1,16,16,NO,1d10+2,4d6,106,1,15,10,13,10,11,13,NO,NO,NO,NO,NO,NO,NO,NO,NO,NO,NO
Young Brass Dragon,Dragon,CG,Large,6,17,110,NO,2d10+4,2d6+4,105,6,19,10,17,12,11,15,NO,YES,YES,NO,NO,NO,NO,NO,NO,NO,NO
Adult Bronze Dragon,Dragon,LG,Huge,15,19,212,NO,2d10+7,2d6+7,108,15,25,10,23,16,15,19,NO,YES,NO,NO,NO,NO,NO,NO,NO,NO,NO
Ancient Bronze Dragon,Dragon,LG,Gargantuan,22,22,444,NO,2d10+9,2d6+9,107,22,29,10,27,18,17,21,NO,YES,NO,NO,NO,NO,NO,NO,NO,NO,NO
Wyrmling Bronze Dragon,Dragon,LG,Medium,2,17,32,NO,1d10+3,3d10,109,2,17,10,15,12,11,15,NO,NO,NO,NO,NO,NO,NO,NO,NO,NO,NO
Young Bronze Dragon,Dragon,LG,Large,8,18,142,NO,2d10+5,2d6+5,108,8,21,10,19,14,13,17,NO,NO,NO,NO,NO,NO,NO,NO,NO,NO,NO
Brown Bear,Beast,U,Large,1,11,34,NO,1d8+4,2d6+4,319,1,19,10,16,2,13,7,YES,NO,NO,YES,NO,NO,NO,NO,NO,NO,NO
Bugbear,Humanoid,CE,Medium,1,16,27,NO,2d8+2,2d6+2,33,1,15,14,13,8,11,9,NO,NO,NO,YES,YES,NO,NO,NO,YES,NO,NO
Bugbear Chief,Humanoid,CE,Medium,3,17,65,NO,2d8+3,2d6+3,33,3,17,14,14,11,12,11,NO,NO,NO,NO,NO,NO,NO,NO,NO,NO,NO
Bulette,Monstrosity,U,Large,5,17,94,NO,4d12+4,N/A,34,5,19,11,21,2,10,5,NO,NO,NO,NO,YES,YES,YES,NO,NO,NO,NO
Bullywug,Humanoid,NE,Medium,.25,15,11,NO,1d4+1,1d8+1,35,0.25,12,12,13,7,10,7,NO,NO,NO,NO,NO,NO,NO,YES,NO,NO,NO
Cambion,Fiend,E,Medium,5,19,82,YES,1d8+1d6+4,3d6,36,5,18,18,16,14,12,16,NO,NO,NO,NO,NO,NO,NO,NO,NO,NO,YES
Camel,Beast,U,Large,.125,9,15,NO,1d4,N/A,320,0.13,16,8,14,2,8,5,NO,NO,YES,NO,NO,NO,NO,NO,NO,NO,NO
Carrion Crawler,Monstrosity,U,Large,2,13,51,NO,1d4+2,2d4+2,37,2,14,13,16,1,12,5,NO,NO,NO,NO,NO,NO,NO,NO,YES,NO,NO
Cat,Beast,U,Tiny,0,12,2,NO,1,N/A,320,0,3,15,10,3,12,7,NO,NO,YES,YES,YES,NO,NO,NO,NO,NO,YES
Centaur,Monstrosity,NG,Large,2,12,45,NO,1d10+4,2d6+4,38,2,18,14,14,9,13,11,NO,NO,NO,YES,YES,NO,NO,NO,NO,NO,NO
Chain Devil,Fiend (Devil),LE,Medium,8,16,85,NO,2d6+4,N/A,72,8,18,15,18,11,12,14,NO,NO,NO,NO,NO,NO,NO,NO,NO,NO,NO
Chasme,Fiend (Demon),CE,Large,6,15,84,NO,11d6+2,N/A,57,6,15,15,12,11,14,10,NO,NO,NO,NO,NO,NO,NO,NO,NO,NO,NO
Chimera,Monstrosity,CE,Large,6,14,114,NO,2d6+4,1d12+4,39,6,19,11,19,3,14,10,NO,NO,NO,NO,YES,YES,YES,NO,YES,NO,NO
Chuul,Aberration,CE,Large,4,16,93,NO,2d6+4,N/A,40,4,19,10,16,5,11,5,NO,NO,NO,NO,NO,NO,NO,NO,YES,NO,NO
Clay Golem,Construct,U,Large,9,14,133,NO,2d10+5,N/A,168,9,20,9,18,3,8,1,NO,NO,NO,NO,NO,NO,NO,NO,NO,NO,NO
Cloaker,Aberration,CN,Large,8,14,78,NO,2d6+3,1d8+3,41,8,17,15,12,13,12,14,NO,NO,NO,NO,NO,NO,NO,NO,NO,NO,NO
Cloud Giant,Giant,N,Huge,9,14,200,YES,3d8+8,4d10+8,154,9,27,10,22,12,16,16,NO,NO,NO,NO,NO,NO,YES,NO,NO,NO,NO
Cockatrice,Monstrosity,U,Small,.5,11,27,NO,1d4+1,N/A,42,0.5,6,12,12,2,13,5,NO,NO,NO,NO,YES,NO,NO,NO,NO,NO,NO
Commoner,Humanoid,ANY,Medium,0,10,4,NO,1d4,N/A,345,0,10,10,10,10,10,10,YES,YES,YES,YES,YES,YES,NO,NO,NO,NO,YES
Constrictor Snake,Beast,U,large,.25,12,13,NO,1d6+2,1d8+2,320,0.25,15,14,12,1,10,3,NO,NO,YES,YES,NO,NO,NO,YES,NO,YES,NO
Adult Copper Dragon,Dragon,CG,Huge,14,18,184,NO,2d10+6,2d6+6,111,14,23,12,21,18,15,17,NO,NO,NO,NO,NO,YES,NO,NO,NO,NO,NO
Ancient Copper Dragon,Dragon,CG,Gargantuan,21,21,350,NO,2d10+8,2d6+8,110,21,27,12,25,20,17,19,NO,NO,NO,NO,NO,YES,NO,NO,NO,NO,NO
Wyrmling Copper Dragon,Dragon,CG,Medium,1,16,22,NO,1d10+2,4d8,112,1,15,12,13,14,11,13,NO,NO,NO,NO,NO,NO,NO,NO,NO,NO,NO
Young Copper Dragon,Dragon,CG,Large,7,17,119,NO,2d10+4,2d6+4,111,7,19,12,17,16,13,15,NO,NO,NO,NO,NO,YES,NO,NO,NO,NO,NO
Couatl,Celestial,LG,Medium,4,19,97,YES,1d6+5,2d6+3,43,4,16,20,17,18,20,18,NO,NO,YES,NO,YES,NO,NO,NO,NO,NO,YES
Crab,Beast,U,Tiny,0,11,2,NO,1,N/A,320,0,2,11,10,1,8,2,NO,YES,NO,NO,NO,NO,NO,NO,NO,NO,NO
Crawling Claw,Undead,NE,Tiny,0,12,2,NO,1d4+1,N/A,44,0,13,14,11,5,10,4,NO,NO,NO,NO,NO,NO,NO,NO,NO,NO,NO
Crocodile,Beast,U,Large,.5,12,19,NO,1d10+2,N/A,320,0.5,15,10,13,2,10,5,NO,NO,NO,NO,NO,NO,NO,YES,NO,NO,YES
Cult Fanatic,Humanoid,NOT GOOD,Medium,2,13,33,YES,1d4+2,N/A,345,2,11,14,12,10,13,14,NO,NO,NO,NO,NO,NO,NO,NO,NO,NO,YES
Cultist,Humanoid,NOT GOOD,Medium,.125,12,9,NO,1d6+1,N/A,345,0.13,11,12,10,10,11,10,NO,NO,NO,NO,NO,NO,NO,NO,NO,NO,YES
Cyclops,Giant,CN,Huge,6,14,138,NO,3d8+6,4d10+6,45,6,22,11,20,8,6,10,NO,YES,YES,NO,YES,YES,YES,NO,YES,NO,NO
Dao,Elemental,NE,Large,11,18,187,YES,2d8+6,4d6+6,143,11,23,12,24,12,13,14,NO,NO,NO,NO,NO,NO,NO,NO,YES,NO,NO
Darkmantle,Monstrosity,U,Small,.5,11,22,NO,1d6+3,N/A,46,0.5,16,12,13,2,10,5,NO,NO,NO,NO,NO,NO,NO,NO,YES,NO,NO
Death Dog,Monstrosity,NE,Medium,1,12,39,NO,1d6+2,N/A,321,1,15,14,14,3,13,6,NO,NO,YES,NO,NO,NO,NO,NO,NO,NO,NO
Death Knight,Undead,CE,Medium,17,20,180,YES,1d10+4d8+5,N/A,47,17,20,11,20,12,16,18,NO,NO,NO,NO,NO,NO,NO,NO,NO,NO,NO
Death Slaad,Aberration,CE,Medium,10,18,170,YES,1d8+2d6+5,1d10+2d6+5,278,10,20,15,19,15,10,16,NO,NO,NO,NO,NO,NO,NO,NO,NO,NO,NO
Death Tyrant,Undead,LE,Large,14,19,187,NO,4d6,N/A,29,14,10,14,14,19,15,19,NO,NO,NO,NO,NO,NO,NO,NO,YES,NO,NO
Deer,Beast,U,Medium,0,13,4,NO,1d4,N/A,321,0,11,16,11,2,14,5,NO,NO,NO,YES,YES,NO,NO,NO,NO,NO,NO
Demilich,Undead,NE,Tiny,18,20,80,NO,6d6,N/A,48,18,1,20,10,20,17,20,NO,NO,NO,NO,NO,NO,NO,NO,NO,NO,NO
Deva,Celestial,LG,Medium,10,17,136,YES,4d8+1d6+4,N/A,16,10,18,18,18,17,20,20,NO,NO,NO,NO,NO,NO,NO,NO,NO,NO,NO
Dire Wolf,Beast,U,Large,1,14,37,NO,2d6+3,N/A,321,1,17,15,15,3,12,7,NO,NO,NO,YES,NO,YES,NO,NO,NO,NO,NO
Displacer Beast,Monstrosity,LE,Large,3,13,85,NO,2d6+4,N/A,81,3,18,15,16,6,12,8,NO,NO,NO,YES,NO,NO,NO,NO,NO,NO,NO
Djinni,Elemental,CG,Large,11,17,161,YES,2d6+5,N/A,144,11,21,15,22,15,16,20,NO,YES,NO,NO,NO,NO,NO,NO,NO,NO,NO
Doppelganger,Monstrosity,N,Medium,3,14,52,NO,1d6+4,N/A,82,3,11,18,14,11,12,14,NO,NO,NO,NO,NO,NO,NO,NO,YES,NO,YES
Dracolich,Undead,LE,VARIES,17,19,225,NO,3d10+7,2d6+7,84,17,25,10,23,16,15,19,NO,NO,YES,NO,NO,NO,NO,NO,NO,NO,NO
Draft Horse,Beast,U,Large,.25,10,19,NO,2d4+4,N/A,321,0.25,18,10,12,2,11,7,NO,NO,NO,NO,NO,NO,NO,NO,NO,NO,YES
Dragon Turtle,Dragon,N,Gargantuan,17,20,341,NO,3d12+7,2d8+7,119,17,25,10,20,10,12,12,NO,YES,NO,NO,NO,NO,NO,NO,NO,YES,NO
Dretch,Fiend (Demon),CE,small,.25,11,18,NO,1d6,2d4,57,0.25,11,11,12,5,8,3,NO,NO,NO,NO,NO,NO,NO,NO,NO,NO,NO
Drider,Monstrosity,CE,Large,6,19,123,YES,2d8+1d4,1d10+3,120,6,16,16,18,13,14,12,NO,NO,NO,NO,NO,NO,NO,NO,YES,NO,NO
Drow,Humanoid,NE,Medium,.25,15,13,NO,1d6+2,1d6+2,128,0.25,10,14,10,11,11,12,NO,NO,NO,NO,NO,NO,NO,NO,YES,NO,NO
Drow Elite Warrior,Humanoid,NE,Medium,5,18,71,NO,4d6+4,1d6+4,128,5,13,18,14,11,13,12,NO,NO,NO,NO,NO,NO,NO,NO,YES,NO,NO
Drow Mage,Humanoid,NE,Medium,7,12,45,YES,1d8+1d6-1,N/A,129,7,9,14,10,17,13,12,NO,NO,NO,NO,NO,NO,NO,NO,YES,NO,NO
Drow Priestess of Lolth,Humanoid,NE,Medium,8,16,71,NO,6d6+2,N/A,129,8,10,14,12,13,17,18,NO,NO,NO,NO,NO,NO,NO,NO,NO,NO,NO
Druid,Humanoid,ANY,Medium,2,11,27,YES,1d8,N/A,346,2,10,12,13,12,15,11,YES,YES,YES,YES,YES,YES,YES,YES,YES,NO,NO
Dryad,Fey,N,Medium,1,11,22,YES,1d8+4,N/A,121,1,1,12,11,14,15,18,NO,NO,NO,YES,NO,NO,NO,NO,NO,NO,NO
Duergar,Humanoid,LE,Medium,1,16,26,NO,1d8+2,1d6+2,122,1,14,11,14,11,10,9,NO,NO,NO,NO,NO,NO,NO,NO,YES,NO,NO
Duodrone,Construct,LN,Medium,.25,15,11,NO,1d4,1d6+1,225,0.25,11,13,12,6,10,7,NO,NO,NO,NO,NO,NO,NO,NO,NO,NO,NO
Dust Mephit,Elemental,NE,Small,.5,12,17,NO,1d4+2,N/A,215,0.5,5,14,10,9,11,10,NO,NO,YES,NO,NO,NO,NO,NO,NO,NO,NO
Eagle,Beast,U,Small,0,12,3,NO,1d4+2,N/A,322,0,6,15,10,2,14,7,NO,YES,NO,NO,YES,YES,YES,NO,NO,NO,NO
Earth Elemental,Elemental,N,Large,5,17,126,NO,2d8+5,N/A,124,5,20,8,20,5,10,5,NO,NO,NO,NO,NO,NO,NO,NO,YES,NO,NO
Efreeti,Elemental,LE,Large,11,17,200,YES,2d6+6,5d6,145,11,22,12,24,16,15,16,NO,NO,YES,NO,NO,NO,NO,NO,NO,NO,NO
Elephant,Beast,U,Huge,4,12,76,NO,3d8+5,3d10+5,322,4,22,9,17,3,11,6,NO,NO,NO,NO,YES,NO,NO,NO,NO,NO,NO
Elk,Beast,U,Large,.25,10,13,NO,1d6+3,2d4+3,322,0.25,16,10,12,2,10,6,NO,NO,NO,YES,YES,YES,NO,NO,NO,NO,NO
Empyrean,Celestial,CG OR NE,Huge,23,22,313,YES,6d6+10,7d6,130,23,30,21,30,21,22,27,NO,NO,NO,NO,NO,NO,NO,NO,NO,NO,NO
Erinyes,Fiend (Devil),LE,Medium,12,18,153,NO,3d8+1d10+4,4d8+3,73,12,18,16,18,14,14,18,NO,NO,NO,NO,NO,NO,NO,NO,NO,NO,NO
Ettercap,Monstrosity,NE,Medium,2,13,44,NO,2d8+2,2d4+2,131,2,14,15,13,7,12,8,NO,NO,NO,YES,NO,NO,NO,NO,NO,NO,NO
Ettin,Giant,CE,large,4,12,85,NO,2d8+5,2d8+5,132,4,21,8,17,6,10,8,NO,NO,NO,NO,NO,YES,YES,NO,YES,NO,NO
Faerie Dragon,Dragon,CG,Tiny,1,15,14,YES,1,N/A,133,1,3,20,13,14,12,16,NO,NO,NO,YES,NO,NO,NO,NO,NO,NO,NO
Fire Elemental,Elemental,N,large,5,13,102,NO,2d6+3,N/A,125,5,10,17,16,6,10,7,NO,NO,YES,NO,NO,NO,NO,NO,NO,NO,NO
Fire Giant,Giant,LE,Huge,9,18,162,NO,6d6+7,4d10+7,154,9,25,9,23,10,14,13,NO,NO,NO,NO,NO,NO,YES,NO,YES,NO,NO
Fire Snake,Elemental,NE,Medium,1,14,22,NO,1d6+1d4+1,1d6+1d4+1,265,1,12,14,11,7,10,8,NO,NO,NO,NO,NO,NO,NO,NO,YES,NO,NO
Flameskull,Undead,NE,Tiny,4,13,40,YES,3d6,N/A,134,4,1,17,14,16,10,11,NO,NO,NO,NO,NO,NO,NO,NO,YES,NO,NO
Flesh Golem,Construct,N,Medium,5,9,93,NO,2d8+4,N/A,169,5,19,9,18,6,10,5,NO,NO,NO,NO,NO,NO,NO,NO,NO,NO,NO
Flumph,Aberration,LG,Small,.125,12,7,NO,2d4+2,N/A,135,0.13,6,15,10,14,14,11,NO,NO,NO,NO,NO,NO,NO,NO,YES,NO,NO
Flying Snake,Beast,U,Tiny,.125,14,5,NO,3d4+1,N/A,322,0.13,4,18,11,2,12,5,NO,NO,YES,YES,YES,NO,NO,NO,NO,NO,YES
Flying Sword,Construct,U,Small,.25,17,17,NO,1d8+1,N/A,20,0.25,12,15,11,1,5,1,NO,NO,NO,NO,NO,NO,NO,NO,NO,NO,NO
Fomorian,Giant,CE,Huge,8,14,149,NO,3d8+6,6d8,136,8,23,10,20,9,14,6,NO,NO,NO,NO,NO,NO,NO,NO,NO,NO,NO
Frog,Beast,U,Tiny,0,11,1,NO,N/A,N/A,322,0,1,13,8,1,8,3,NO,NO,NO,NO,NO,NO,NO,NO,NO,NO,NO
Frost Giant,Giant,NE,Huge,8,15,138,NO,3d12+6,4d10+6,155,8,23,9,21,9,10,12,YES,NO,NO,NO,NO,NO,YES,NO,NO,NO,NO
Galeb Duhr,Elemental,N,Medium,6,16,85,NO,2d6+5,N/A,139,6,20,14,20,11,12,11,NO,NO,NO,NO,NO,YES,YES,NO,NO,NO,NO
Gargoyle,Elemental,CE,Medium,2,15,52,NO,1d6+2,1d6+2,140,2,15,11,16,6,11,7,NO,NO,NO,NO,NO,NO,NO,NO,YES,NO,YES
Gas Spore,Plant,U,Large,.5,5,1,NO,1,N/A,138,0.5,5,1,3,1,1,1,NO,NO,NO,NO,NO,NO,NO,NO,YES,NO,NO
Gelatinous Cube,Ooze,U,Large,2,6,84,NO,3d6,N/A,242,2,14,3,20,1,6,1,NO,NO,NO,NO,NO,NO,NO,NO,YES,NO,NO
Ghast,Undead,CE,Medium,2,13,36,NO,2d8+3,2d6+3,148,2,16,17,10,11,10,8,NO,NO,NO,NO,NO,NO,NO,YES,YES,NO,YES
Ghost,Undead,ANY,Medium,4,11,45,NO,4d6+3,N/A,147,4,7,13,10,10,12,17,NO,NO,NO,NO,NO,NO,NO,NO,YES,NO,YES
Ghoul,Undead,CE,Medium,1,12,22,NO,2d6+2,2d4+2,148,1,13,15,10,7,10,6,NO,NO,NO,NO,NO,NO,NO,YES,YES,NO,YES
Giant Ape,Beast,U,Huge,7,12,157,NO,3d10+6,7d6+6,323,7,23,14,18,7,12,7,NO,NO,NO,YES,NO,NO,NO,NO,NO,NO,NO
Giant Badger,Beast,U,Medium,.25,10,13,NO,1d6+1,2d4+1,323,0.25,13,10,15,2,12,5,NO,NO,NO,YES,NO,NO,NO,NO,NO,NO,NO
Giant Bat,Beast,U,Large,.25,13,22,NO,1d6+2,N/A,323,0.25,15,16,11,2,12,6,NO,NO,NO,YES,NO,NO,NO,NO,YES,NO,NO
Giant Boar,Beast,U,Large,2,12,42,NO,10d6+3,N/A,323,2,17,10,16,2,7,5,NO,NO,NO,YES,YES,NO,NO,NO,NO,NO,NO
Giant Centipede,Beast,U,small,.25,13,4,NO,1d4+2,N/A,323,0.25,5,14,12,1,7,3,NO,NO,NO,NO,NO,NO,NO,NO,YES,NO,YES
Giant Constrictor Snake,Beast,U,Huge,2,12,60,NO,2d6+4,2d8+4,324,2,19,14,12,1,10,3,NO,NO,YES,YES,NO,NO,NO,YES,YES,YES,NO
Giant Crab,Beast,U,Medium,.125,15,13,NO,1d6+1,N/A,324,0.13,13,15,11,1,9,3,NO,YES,NO,NO,NO,NO,NO,NO,NO,NO,NO
Giant Crocodile,Beast,U,Huge,5,14,85,NO,3d10+5,2d8+5,324,5,21,9,17,2,10,7,NO,NO,NO,NO,NO,NO,NO,YES,NO,NO,NO
Giant Eagle,Beast,U,Large,1,13,26,NO,1d6+3,2d6+3,324,1,16,17,13,8,14,10,NO,YES,NO,NO,YES,YES,NO,NO,NO,NO,NO
Giant Elk,Beast,U,Huge,2,14,42,NO,2d6+4,4d8+4,325,2,19,16,14,7,14,10,NO,NO,NO,YES,YES,YES,YES,NO,NO,NO,NO
Giant Fire Beetle,Beast,U,small,0,13,4,NO,1d6-1,N/A,325,0,8,10,12,1,7,3,NO,NO,NO,NO,NO,NO,NO,NO,YES,NO,NO
Giant Frog,Beast,U,Medium,.25,11,18,NO,1d6+1,N/A,325,0.25,12,13,11,2,10,3,NO,NO,NO,YES,NO,NO,NO,YES,NO,NO,NO
Giant Goat,Beast,U,Large,.5,11,19,NO,2d4+3,N/A,326,0.5,17,11,12,3,12,6,NO,NO,NO,NO,YES,NO,YES,NO,NO,NO,NO
Giant Hyena,Beast,U,Large,1,12,45,NO,2d6+3,N/A,326,1,16,14,14,2,12,7,NO,NO,YES,YES,YES,YES,NO,NO,NO,NO,NO
Giant Lizard,Beast,U,Large,.25,12,19,NO,1d8+2,N/A,326,0.25,15,12,13,2,10,5,NO,YES,YES,YES,NO,NO,NO,YES,YES,NO,NO
Giant Octopus,Beast,U,Large,1,11,52,NO,2d6+3,N/A,326,1,17,13,13,4,10,4,NO,NO,NO,NO,NO,NO,NO,NO,NO,YES,NO
Giant Owl,Beast,U,Large,.25,12,19,NO,2d6+1,N/A,327,0.25,13,15,12,8,13,10,YES,NO,NO,YES,NO,YES,NO,NO,NO,NO,NO
Giant Poisonous Snake,Beast,U,Medium,.25,14,11,NO,1d4+4,N/A,327,0.25,10,18,13,2,10,3,NO,NO,YES,YES,YES,NO,NO,YES,YES,NO,YES
Giant Rat,Beast,U,Small,.125,12,7,NO,1d4+2,N/A,327,0.13,7,15,11,2,10,4,NO,NO,NO,YES,NO,NO,NO,YES,YES,NO,YES
Giant Scorpion,Beast,U,Large,3,15,52,NO,1d8+2,1d10+2,327,3,15,13,15,1,9,3,NO,NO,YES,NO,NO,NO,NO,NO,NO,NO,NO
Giant Sea Horse,Beast,U,Large,.5,13,16,NO,1d6+1,N/A,328,0.5,12,15,11,2,12,5,NO,NO,NO,NO,NO,NO,NO,NO,NO,YES,NO
Giant Shark,Beast,U,Huge,5,13,126,NO,3d10+6,N/A,328,5,23,11,21,1,10,5,NO,NO,NO,NO,NO,NO,NO,NO,NO,YES,NO
Giant Spider,Beast,U,Large,1,14,26,NO,1d8+3,N/A,328,1,14,16,12,2,11,4,NO,NO,YES,YES,NO,NO,NO,YES,YES,NO,YES
Giant Toad,Beast,U,Large,1,11,39,NO,2d10+2,N/A,329,1,15,13,13,2,10,3,NO,YES,NO,YES,NO,NO,NO,YES,YES,NO,NO
Giant Vulture,Beast,NE,Large,1,10,22,NO,2d4+4,2d6+2,329,1,15,10,15,6,12,7,NO,NO,YES,NO,YES,NO,NO,NO,NO,NO,NO
Giant Wasp,Beast,U,Medium,.5,12,13,NO,1d6+2,N/A,329,0.5,10,14,10,1,10,3,NO,NO,NO,YES,YES,NO,NO,NO,NO,NO,YES
Giant Weasel,Beast,U,Medium,.125,13,9,NO,1d4+3,N/A,329,0.13,11,16,10,4,12,5,NO,NO,NO,YES,YES,YES,NO,NO,NO,NO,NO
Giant Wolf Spider,Beast,U,Medium,.25,13,11,NO,1d6+1,N/A,330,0.25,12,16,13,3,12,4,NO,YES,YES,YES,YES,YES,NO,NO,NO,NO,NO
Gibbering Mouther,Aberration,N,Medium,2,9,67,NO,5d6,N/A,157,2,10,8,16,3,10,6,NO,NO,NO,NO,NO,NO,NO,NO,YES,NO,NO
Githyanki Knight,Humanoid,LE,Medium,8,18,91,YES,5d6+6,N/A,160,8,16,14,15,14,14,15,NO,NO,NO,NO,NO,NO,NO,NO,NO,NO,NO
Githyanki Warrior,Humanoid,LE,Medium,3,17,46,YES,4d6+2,N/A,160,3,15,14,12,13,13,10,NO,NO,NO,NO,NO,NO,NO,NO,NO,NO,NO
Githzerai Monk,Humanoid,LN,Medium,2,14,38,YES,3d8+2,N/A,161,2,12,15,12,13,14,10,NO,NO,NO,NO,NO,NO,NO,NO,NO,NO,NO
Githzerai Zerth,Humanoid,LN,Medium,6,17,84,YES,2d6+3d8+4,N/A,161,6,13,18,15,16,17,12,NO,NO,NO,NO,NO,NO,NO,NO,NO,NO,NO
Glabrezu,Fiend (Demon),CE,Large,9,17,157,YES,2d10+5,2d4+2,58,9,20,15,21,19,17,16,NO,NO,NO,NO,NO,NO,NO,NO,NO,NO,NO
Gladiator,Humanoid,ANY,Medium,5,16,112,NO,2d8+4,2d4+4,346,5,18,15,16,10,12,15,NO,NO,NO,NO,NO,NO,NO,NO,NO,NO,YES
Gnoll,Humanoid,CE,Medium,.5,15,22,NO,1d4+2,1d8+2,163,0.5,14,12,11,6,10,7,NO,NO,YES,YES,YES,NO,NO,NO,NO,NO,NO
Gnoll Fang of Yeenoghu,Humanoid,CE,Medium,4,14,65,NO,1d6+3,1d8+3,163,4,17,15,15,10,11,13,NO,NO,YES,NO,YES,YES,NO,NO,NO,NO,NO
Gnoll Pack Lord,Humanoid,CE,Medium,2,15,49,NO,1d4+3,1d10+3,163,2,16,14,13,8,11,9,NO,NO,YES,YES,YES,YES,NO,NO,NO,NO,NO
Deep  Gnome(Svirfneblin),Humanoid,NG,Small,.5,15,16,YES,1d8+3,N/A,164,0.5,15,14,14,12,10,9,NO,NO,NO,NO,NO,NO,NO,NO,NO,NO,NO
Goat,Beast,U,Medium,0,10,4,NO,1d4+1,N/A,330,0,12,10,11,2,10,5,NO,NO,NO,NO,NO,YES,YES,NO,NO,NO,YES
Goblin,Humanoid,NE,small,.25,15,7,NO,1d6+2,1d6+2,166,0.25,8,14,10,10,8,8,NO,NO,NO,YES,YES,YES,NO,NO,YES,NO,NO
Goblin Boss,Humanoid,NE,small,1,17,21,NO,1d6+2,1d6+2,166,1,10,14,10,10,8,10,NO,NO,NO,YES,YES,YES,NO,NO,YES,NO,NO
Adult Gold Dragon,Dragon,LG,Huge,17,19,256,NO,2d10+8,2d6+8,114,17,27,14,25,16,15,24,NO,NO,NO,YES,YES,NO,NO,NO,NO,NO,NO
Ancient Gold Dragon,Dragon,LG,Gargantuan,24,22,546,NO,2d10+10,2d6+10,113,24,30,14,29,18,17,28,NO,NO,NO,YES,YES,NO,NO,NO,NO,NO,NO
Wyrmling Gold Dragon,Dragon,LG,Medium,3,17,60,NO,1d10+4,4d10,115,3,19,14,17,14,11,16,NO,NO,NO,NO,NO,NO,NO,NO,NO,NO,NO
Young Gold Dragon,Dragon,LG,Large,10,18,178,NO,2d10+6,2d6+6,115,10,23,14,21,16,13,20,NO,NO,NO,YES,YES,NO,NO,NO,NO,NO,NO
Gorgon,Construct,U,Large,5,19,114,NO,2d12+5,2d10+5,171,5,20,11,18,2,12,7,NO,NO,NO,YES,YES,YES,NO,NO,NO,NO,NO
Goristro,Fiend (Demon),CE,Huge,17,19,310,NO,3d8+7,3d10+7,59,17,25,11,25,6,13,14,NO,NO,NO,NO,NO,NO,NO,NO,NO,NO,NO
Gray Ooze,Ooze,U,Medium,.5,8,22,NO,3d6+1,N/A,243,0.5,12,6,16,1,6,2,NO,NO,NO,NO,NO,NO,NO,NO,YES,NO,NO
Gray Slaad,Aberration,CN,Medium,9,18,127,YES,1d6+3,1d10+3,277,9,17,17,16,13,8,14,NO,NO,NO,NO,NO,NO,NO,NO,NO,NO,NO
Adult Green Dragon,Dragon,LE,Huge,15,19,207,NO,2d10+2d6+6,2d6+6,94,15,23,12,21,18,15,17,NO,NO,NO,YES,NO,NO,NO,NO,NO,NO,NO
Ancient Green Dragon,Dragon,LE,Gargantuan,22,21,385,NO,2d10+3d6+8,4d6+8,93,22,27,12,25,20,17,19,NO,NO,NO,YES,NO,NO,NO,NO,NO,NO,NO
Wyrmling Green Dragon,Dragon,LE,Medium,2,17,38,NO,1d10+1d6+2,6d6,95,2,15,12,13,14,11,13,NO,NO,NO,NO,NO,NO,NO,NO,NO,NO,NO
Young Green Dragon,Dragon,LE,Large,8,18,136,NO,2d10+2d6+4,2d6+4,94,8,19,12,17,16,13,15,NO,NO,NO,YES,NO,NO,NO,NO,NO,NO,NO
Green Hag,Fey,NE,Medium,3,17,82,YES,2d8+4,N/A,177,3,18,12,16,13,14,14,NO,NO,NO,YES,NO,YES,NO,YES,NO,NO,NO
Green Slaad,Aberration,CN,Large,8,16,127,YES,2d6+4,1d6+4,277,8,18,15,16,11,8,12,NO,NO,NO,NO,NO,NO,NO,NO,NO,NO,NO
Grell,Aberration,NE,Medium,3,12,55,NO,1d10+2,2d4+2,172,3,15,14,13,12,11,9,NO,NO,NO,NO,NO,NO,NO,NO,YES,NO,NO
Grick,Monstrosity,N,Medium,2,14,27,NO,2d6+2,1d6+2,173,2,14,14,11,3,14,5,NO,NO,NO,YES,NO,NO,NO,NO,YES,NO,NO
Grick Alpha,Monstrosity,N,Medium,7,18,75,NO,2d6+4,4d8+4,173,7,18,16,15,4,14,9,NO,NO,NO,YES,NO,NO,NO,NO,YES,NO,NO
Griffon,Monstrosity,U,Large,2,12,59,NO,1d8+4,2d6+4,174,2,18,15,16,2,13,8,YES,YES,NO,NO,YES,YES,YES,NO,NO,NO,NO
Grimlock,Humanoid,NE,Medium,.25,11,11,NO,2d4+3,N/A,175,0.25,16,12,12,9,8,6,NO,NO,NO,NO,NO,NO,NO,NO,YES,NO,NO
Guard,Humanoid,ANY,Medium,.125,16,11,NO,1d6+1,N/A,347,0.13,13,12,12,10,11,10,NO,YES,YES,YES,YES,YES,YES,NO,NO,NO,YES
Guardian Naga,Monstrosity,LG,Large,10,18,127,YES,1d8+4,N/A,234,10,19,18,16,16,19,18,NO,NO,YES,YES,NO,NO,NO,NO,NO,NO,NO
Gynosphinx,Monstrosity,LN,Large,11,17,136,YES,2d8+4,N/A,282,11,18,15,16,18,18,18,NO,NO,YES,NO,NO,NO,NO,NO,NO,NO,NO
Half Ogre,Giant,C,Large,1,12,30,NO,2d10+3,2d6+3,238,1,17,10,14,7,9,10,YES,NO,YES,YES,NO,YES,YES,NO,YES,NO,YES
Half-Red Dragon Veteran,Humanoid,ANY,Medium,5,18,65,NO,1d10+3,1d6+3,180,5,16,13,14,10,11,10,NO,NO,NO,NO,NO,NO,NO,NO,NO,NO,NO
Harpy,Monstrosity,CE,Medium,1,11,38,NO,2d4+1,1d4+1,181,1,12,13,12,7,10,13,NO,YES,NO,YES,NO,YES,YES,NO,NO,NO,NO
Hawk,Beast,U,Tiny,0,13,11,NO,1,N/A,330,0,5,16,8,2,14,6,NO,NO,NO,NO,NO,NO,NO,NO,NO,NO,NO
Hell Hound,Fiend,LE,Medium,3,15,45,NO,1d8+2d6+3,6d6,182,3,17,12,14,6,13,6,NO,NO,NO,NO,NO,NO,YES,NO,YES,NO,NO
Helmed Horror,Construct,N,Medium,4,20,60,NO,1d10+4,N/A,183,4,18,13,16,10,10,10,NO,NO,NO,NO,NO,NO,NO,NO,NO,NO,NO
Hezrou,Fiend (Demon),CE,Large,8,16,136,NO,2d10+4,2d6+4,60,8,19,17,20,5,12,13,NO,NO,NO,NO,NO,NO,NO,NO,NO,NO,NO
Hill Giant,Giant,CE,Huge,5,13,105,NO,3d8+5,3d10+5,155,5,21,8,19,5,9,6,NO,NO,NO,NO,NO,YES,NO,NO,NO,NO,NO
Hippogriff,Monstrosity,U,Large,1,11,19,NO,1d10+3,2d6+3,184,1,17,13,13,2,12,8,NO,NO,NO,NO,YES,YES,YES,NO,NO,NO,NO
Hobgoblin,Humanoid,LE,Medium,.5,18,11,NO,1d10+1,1d8+1,186,0.5,13,12,12,10,10,9,NO,NO,YES,YES,YES,NO,NO,NO,YES,NO,NO
Hobgoblin Captain,Humanoid,LE,Medium,3,17,39,NO,2d6+2,1d6+2,186,3,15,14,14,12,10,13,NO,NO,YES,YES,YES,YES,NO,NO,YES,NO,NO
Hobgoblin Warlord,Humanoid,LE,Medium,6,20,97,NO,1d10+3,1d4+3,187,6,16,14,16,14,11,15,NO,NO,NO,NO,NO,NO,NO,NO,NO,NO,NO
Homunculus,Construct,N,Tiny,0,13,5,NO,1,N/A,188,0,4,15,11,10,10,7,NO,NO,NO,NO,NO,NO,NO,NO,NO,NO,NO
Hook Horror,Monstrosity,N,Large,3,15,75,NO,2d6+4,N/A,189,3,18,10,15,6,12,7,NO,NO,NO,NO,NO,NO,NO,NO,YES,NO,NO
Horned Devil,Fiend (Devil),LE,Large,11,18,178,NO,2d8+6,1d8+6,74,11,22,17,21,12,16,17,NO,NO,NO,NO,NO,NO,NO,NO,NO,NO,NO
Hunter Shark,Beast,U,Large,2,12,45,NO,2d8+4,N/A,330,2,18,13,15,1,10,4,NO,NO,NO,NO,NO,NO,NO,NO,NO,YES,NO
Hydra,Monstrosity,U,Huge,8,15,172,NO,1d10+5,N/A,190,8,20,12,20,2,10,7,NO,NO,NO,NO,NO,NO,NO,YES,NO,NO,NO
Hyena,Beast,U,Medium,0,11,5,NO,1d6,N/A,331,0,11,13,12,2,12,5,NO,NO,YES,YES,NO,YES,NO,NO,NO,NO,NO
Ice Devil,Fiend (Devil),LE,Large,14,18,180,NO,5d6+5,2d4+3d6+5,75,14,21,14,18,18,15,18,NO,NO,NO,NO,NO,NO,NO,NO,NO,NO,NO
Ice Mephit,Elemental,NE,Small,.5,11,21,YES,2d4+1,2d4,215,0.5,7,13,10,9,11,12,YES,NO,NO,NO,NO,NO,NO,NO,NO,NO,NO
Imp,Fiend (Devil),LE,Tiny,1,13,10,NO,1d4+3,N/A,76,1,6,17,13,11,12,14,NO,NO,NO,NO,NO,NO,NO,NO,NO,NO,NO
Intellect Devourer,Aberration,LE,Tiny,2,12,21,NO,2d4+2,N/A,191,2,6,14,13,12,11,10,NO,NO,NO,NO,NO,NO,NO,NO,YES,NO,NO
Invisible Stalker,Elemental,N,Medium,6,14,104,NO,2d6+3,N/A,192,6,16,19,14,10,15,11,NO,NO,NO,NO,NO,NO,NO,NO,NO,NO,YES
Iron Golem,Construct,U,Large,16,20,210,NO,3d8+7,3d10+7,170,16,24,9,20,3,11,1,NO,NO,NO,NO,NO,NO,NO,NO,NO,NO,NO
Jackal,Beast,U,Small,0,12,3,NO,1d4-1,N/A,331,0,8,15,11,3,12,6,NO,NO,YES,NO,YES,NO,NO,NO,NO,NO,NO
Jackalwere,Humanoid,CE,Medium,.5,12,18,NO,1d4+2,1d6+2,193,0.5,11,15,11,13,11,10,NO,NO,YES,NO,YES,NO,NO,NO,NO,NO,NO
Kenku,Humanoid,CN,Medium,.25,13,13,NO,1d6+3,1d6+3,194,0.25,10,16,10,11,10,10,NO,NO,NO,YES,NO,NO,NO,NO,NO,NO,YES
Killer Whale,Beast,U,Huge,3,12,90,NO,5d6+4,N/A,331,3,19,10,13,3,12,7,NO,NO,NO,NO,NO,NO,NO,NO,NO,YES,NO
Knight,Humanoid,ANY,Medium,3,18,52,NO,2d6+3,1d10,347,3,16,11,14,11,11,15,NO,NO,NO,NO,NO,NO,NO,NO,NO,NO,YES
Kobold,Humanoid,LE,Small,.125,12,5,NO,1d4+2,1d4+2,195,0.13,7,15,9,8,7,8,YES,YES,YES,YES,NO,YES,YES,YES,YES,NO,YES
Kraken,Monstrosity,CE,Gargantuan,23,18,472,NO,3d8+10,3d6+10,197,23,30,11,25,22,18,20,NO,NO,NO,NO,NO,NO,NO,NO,NO,YES,NO
Kuo-Toa,Humanoid,NE,Medium,.25,13,18,NO,1d4+1,1d8+1,199,0.25,13,10,11,11,10,8,NO,NO,NO,NO,NO,NO,NO,NO,YES,NO,NO
Kuo-Toa Archpriest,Humanoid,NE,Medium,6,13,97,YES,5d6+3,1d4+2,200,6,16,14,16,13,16,14,NO,NO,NO,NO,NO,NO,NO,NO,YES,NO,NO
Kuo-Toa Whip,Humanoid,NE,Medium,1,11,65,YES,1d4+2,1d6+2,200,1,14,10,14,12,14,11,NO,NO,NO,NO,NO,NO,NO,NO,YES,NO,NO
Lamia,Monstrosity,CE,Large,4,13,97,YES,2d10+3,1d4+3,201,4,16,13,15,14,15,16,NO,NO,YES,NO,NO,NO,NO,NO,NO,NO,NO
Lemure,Fiend (Devil),LE,Medium,0,7,13,NO,1d4,N/A,76,0,10,5,11,1,11,3,NO,NO,NO,NO,NO,NO,NO,NO,NO,NO,NO
Lich,Undead,E,Medium,21,17,135,YES,3d6,N/A,202,21,11,16,16,20,14,16,NO,NO,NO,NO,NO,NO,NO,NO,NO,NO,NO
Lion,Beast,U,Large,1,12,26,NO,1d8+3,1d6+3,331,1,17,15,13,3,12,8,NO,NO,YES,NO,YES,YES,YES,NO,NO,NO,NO
Lizard,Beast,U,Tiny,0,10,2,NO,1,N/A,332,0,2,11,10,1,8,3,NO,NO,NO,NO,NO,NO,NO,NO,NO,NO,NO
Lizard King/Queen,Humanoid,CE,Medium,4,15,78,NO,1d6+3,1d4+3,205,4,17,12,15,11,11,15,NO,NO,NO,NO,NO,NO,NO,NO,NO,NO,NO
Lizardfolk,Humanoid,N,Medium,.5,15,22,NO,1d6+2,1d6+2,204,0.5,15,10,13,7,12,7,NO,NO,NO,YES,NO,NO,NO,YES,NO,NO,NO
Lizardfolk Shaman,Humanoid,N,Medium,2,13,27,YES,1d6+2,1d4+2,205,2,15,10,13,10,15,8,NO,NO,NO,YES,NO,NO,NO,YES,NO,NO,NO
Mage,Humanoid,ANY,Medium,6,12,40,YES,1d4+2,N/A,347,6,9,14,11,17,12,11,NO,NO,NO,NO,NO,NO,NO,NO,NO,NO,YES
Magma Mephit,Elemental,NE,Small,.5,11,22,YES,2d4+1,N/A,216,0.5,8,12,12,7,10,10,NO,NO,NO,NO,NO,NO,NO,NO,YES,NO,NO
Magmin,Elemental,CN,Small,.5,14,9,NO,2d6,N/A,212,0.5,7,15,12,8,11,10,NO,NO,NO,NO,NO,NO,NO,NO,NO,NO,NO
Mammoth,Beast,U,Huge,6,13,126,NO,4d8+7,4d10+7,332,6,24,9,21,3,11,6,YES,NO,NO,NO,NO,NO,NO,NO,NO,NO,NO
Manes,Fiend (Demon),CE,Small,.125,9,9,NO,2d4,N/A,60,0.13,10,9,13,3,8,4,NO,NO,NO,NO,NO,NO,NO,NO,NO,NO,NO
Manticore,Monstrosity,LE,Large,3,14,68,NO,1d8+3,1d6+3,213,3,17,16,17,7,12,8,YES,YES,NO,NO,YES,YES,YES,NO,NO,NO,NO
Marid,Elemental,CN,Large,11,17,229,YES,2d8+6,6d6,146,11,22,12,26,18,17,18,NO,YES,NO,NO,NO,NO,NO,NO,NO,YES,NO
Marilith,Fiend (Demon),CE,Large,16,18,189,NO,2d8+4,2d10+4,61,16,18,20,20,18,16,20,NO,NO,NO,NO,NO,NO,NO,NO,NO,NO,NO
Mastiff,Beast,U,Medium,.125,12,5,NO,1d6+1,N/A,332,0.13,13,14,12,3,12,7,NO,NO,NO,YES,NO,YES,NO,NO,NO,NO,YES
Medusa,Monstrosity,LE,Medium,6,15,127,NO,1d4+4d6+2,1d6+2,214,6,10,15,16,12,13,15,NO,NO,YES,NO,NO,NO,NO,NO,NO,NO,NO
Merfolk,Humanoid,N,Medium,.125,11,11,NO,1d8,N/A,218,0.13,10,13,12,11,11,12,NO,YES,NO,NO,NO,NO,NO,NO,NO,YES,NO
Merrow,Monstrosity,CE,Large,2,13,45,NO,1d8+4,2d4+4,219,2,18,10,15,8,10,9,NO,YES,NO,NO,NO,NO,NO,NO,NO,YES,NO
Mezzoloth,Fiend,NE,Medium,5,18,75,YES,2d4+4,1d6+4,313,5,18,11,16,7,10,11,NO,NO,NO,NO,NO,NO,NO,NO,NO,NO,NO
Mimic,Monstrosity,N,Medium,2,12,58,NO,1d8+3,2d8+3,220,2,17,12,15,5,13,8,NO,NO,NO,NO,NO,NO,NO,NO,YES,NO,YES
Mind Flayer,Aberration,LE,Medium,7,15,71,YES,2d10+4,10d10,222,7,11,12,12,19,17,17,NO,NO,NO,NO,NO,NO,NO,NO,YES,NO,NO
Minotaur,Monstrosity,CE,Large,3,14,76,NO,2d12+4,2d8+4,223,3,18,11,16,6,16,9,NO,NO,NO,NO,NO,NO,NO,NO,YES,NO,NO
Minotaur Skeleton,Undead,LE,Large,2,12,67,NO,2d12+4,2d8+4,273,2,18,11,15,6,8,5,NO,NO,NO,NO,NO,NO,NO,NO,NO,NO,NO
Monodrone,Construct,LN,Medium,.125,15,5,NO,1d4+1,1d6+1,224,0.13,1,13,12,4,10,5,NO,NO,NO,NO,NO,NO,NO,NO,NO,NO,NO
Mud Mephit,Elemental,NE,Small,.25,11,27,NO,1d6+1,N/A,216,0.25,8,12,12,9,11,7,NO,NO,NO,NO,NO,NO,NO,YES,NO,NO,NO
Mule,Beast,U,Medium,.125,10,11,NO,1d4+2,N/A,333,0.13,14,10,13,2,10,5,NO,NO,YES,NO,NO,YES,NO,NO,NO,NO,YES
Mummy,Undead,LE,Medium,3,11,58,NO,5d6+3,N/A,228,3,16,8,15,6,10,12,NO,NO,YES,NO,NO,NO,NO,NO,NO,NO,NO
Mummy Lord,Undead,LE,Medium,15,17,97,YES,9d6+4,N/A,229,15,18,10,17,11,18,16,NO,NO,YES,NO,NO,NO,NO,NO,NO,NO,NO
Myconid Adult,Plant,LN,Medium,.5,12,22,NO,4d4,N/A,232,0.5,10,10,12,10,13,7,NO,NO,NO,NO,NO,NO,NO,NO,YES,NO,NO
Myconid Sovereign,Plant,LN,Large,2,13,60,NO,6d4+1,N/A,232,2,12,10,14,13,15,10,NO,NO,NO,NO,NO,NO,NO,NO,NO,NO,NO
Myconid Sprout,Plant,LN,Small,0,10,7,NO,2d4-1,N/A,230,0,8,10,10,8,11,5,NO,NO,NO,NO,NO,NO,NO,NO,YES,NO,NO
Nalfeshnee,Fiend (Demon),LE,Large,13,18,184,NO,5d10+5,3d6+5,62,13,21,10,22,19,12,15,NO,NO,NO,NO,NO,NO,NO,NO,NO,NO,NO
Needle Blight,Plant,NE,Medium,.25,12,11,NO,2d4+1,2d6+1,32,0.25,12,12,13,4,8,3,NO,NO,NO,YES,NO,NO,NO,NO,NO,NO,NO
Night Hag,Fiend,NE,Medium,5,17,112,YES,2d8+4,N/A,178,5,18,15,16,16,14,16,NO,NO,NO,NO,NO,NO,NO,NO,NO,NO,NO
Nightmare,Fiend,NE,Large,3,13,68,NO,2d8+2d6+4,N/A,235,3,18,15,16,10,13,15,NO,NO,NO,NO,NO,NO,NO,NO,NO,NO,NO
Noble,Humanoid,ANY,Medium,.125,15,9,NO,1d8+1,N/A,348,0.13,11,12,11,12,14,16,NO,NO,NO,NO,NO,NO,NO,NO,NO,NO,YES
Nothic,Aberration,NE,Medium,2,15,45,NO,1d6+3,N/A,236,2,14,16,16,13,10,8,NO,NO,NO,NO,NO,NO,NO,NO,YES,NO,NO
Nycaloth,Fiend,NE,Large,9,18,123,YES,2d6+5,2d12+5,314,9,20,11,19,12,10,15,NO,NO,NO,NO,NO,NO,NO,NO,NO,NO,NO
Ochre Jelly,Ooze,U,Large,2,8,45,NO,3d6+2,N/A,243,2,15,6,14,2,6,1,NO,NO,NO,NO,NO,NO,NO,NO,YES,NO,NO
Octopus,Beast,U,Small,0,12,3,NO,1,N/A,333,0,4,15,11,3,10,4,NO,NO,NO,NO,NO,NO,NO,NO,NO,NO,NO
Ogre,Giant,CE,Large,2,11,59,NO,2d8+4,2d6+4,237,2,19,8,16,5,7,7,YES,YES,YES,YES,YES,NO,YES,YES,YES,NO,NO
Ogre Zombie,Undead,NE,Large,2,8,85,NO,2d8+6,N/A,316,2,19,6,18,3,6,5,NO,NO,NO,NO,NO,NO,NO,NO,NO,NO,NO
Oni,Giant,LE,Large,7,16,110,YES,1d8+4,2d10+4,239,7,19,11,16,14,12,15,NO,NO,NO,YES,NO,NO,NO,NO,NO,NO,YES
Orc,Humanoid,CE,Medium,.5,13,15,NO,1d12+3,1d6+3,246,0.5,16,12,16,7,11,10,YES,NO,NO,YES,YES,YES,YES,YES,YES,NO,NO
Orc Eye of Gruumsh,Humanoid,CE,Medium,2,16,45,YES,2d8+3,N/A,247,2,16,12,16,9,13,12,YES,NO,NO,YES,YES,YES,YES,YES,YES,NO,NO
Orc War Chief,Humanoid,CE,Medium,4,16,93,NO,1d12+1d8+4,2d8+4,246,4,18,12,18,11,11,16,NO,NO,NO,NO,NO,NO,NO,NO,NO,NO,NO
Orog,Humanoid,CE,Medium,2,18,42,NO,1d12+4,1d6+4,247,2,18,12,18,12,11,12,YES,NO,NO,YES,YES,YES,YES,NO,YES,NO,NO
Otyugh,Aberration,N,Large,5,14,114,NO,2d8+3,2d8+3,248,5,16,11,19,6,13,6,NO,NO,NO,NO,NO,NO,NO,NO,YES,NO,NO
Owl,Beast,U,Tiny,0,11,1,NO,1,N/A,333,0,3,13,8,2,12,7,YES,NO,NO,YES,NO,NO,NO,NO,NO,NO,NO
Owlbear,Monstrosity,U,Large,3,13,59,NO,1d10+5,2d8+5,249,3,20,12,17,3,12,7,NO,NO,NO,YES,NO,NO,NO,NO,NO,NO,NO
Panther,Beast,U,Medium,.25,12,13,NO,1d6+2,1d4+2,333,0.25,14,15,10,3,14,7,NO,NO,NO,YES,YES,YES,NO,NO,NO,NO,NO
Pegasus,Celestial,CG,Large,2,12,59,NO,2d6+4,N/A,250,2,18,15,16,10,15,13,NO,NO,NO,YES,YES,YES,NO,NO,NO,NO,NO
Pentadrone,Construct,LN,Large,2,16,32,NO,1d6+2,N/A,226,2,15,14,12,10,10,13,NO,NO,NO,NO,NO,NO,NO,NO,NO,NO,NO
Peryton,Monstrosity,CE,Medium,2,13,33,NO,1d8+3,2d4+3,251,2,16,12,13,9,12,10,NO,NO,NO,NO,NO,YES,YES,NO,NO,NO,NO
Phase Spider,Monstrosity,U,Large,3,13,32,NO,1d10+2,N/A,334,3,15,15,12,6,10,6,NO,NO,YES,YES,YES,YES,NO,NO,YES,NO,YES
Piercer,Monstrosity,U,Medium,.5,15,22,NO,VARIES,N/A,252,0.5,10,13,16,1,7,3,NO,NO,NO,NO,NO,NO,NO,NO,YES,NO,NO
Pit Fiend,Fiend (Devil),LE,Large,20,19,300,YES,4d6+8,2d8+8,77,20,26,14,24,22,18,24,NO,NO,NO,NO,NO,NO,NO,NO,NO,NO,NO
Pixie,Fey,NG,Tiny,.25,15,1,YES,N/A,N/A,253,0.25,2,20,8,10,14,15,NO,NO,NO,YES,NO,NO,NO,NO,NO,NO,NO
Planetar,Celestial,LG,Large,16,19,200,YES,4d6+5d8+7,N/A,17,16,24,20,24,19,22,25,NO,NO,NO,NO,NO,NO,NO,NO,NO,NO,NO
Plesiosaurus,Beast,U,Large,2,13,68,NO,3d6+4,N/A,80,2,18,15,16,2,12,5,NO,YES,NO,NO,NO,NO,NO,NO,NO,YES,NO
Poisonous Snake,Beast,U,Tiny,.125,13,2,NO,1,N/A,334,0.13,2,16,11,1,10,3,NO,YES,YES,YES,YES,YES,NO,YES,NO,NO,NO
Polar Bear,Beast,U,Large,2,12,42,NO,1d8+5,2d6+5,334,2,20,10,16,2,13,7,YES,NO,NO,NO,NO,NO,NO,NO,YES,NO,NO
Pony,Beast,U,Medium,.125,10,11,NO,2d4+2,N/A,335,0.13,15,10,13,2,11,7,NO,NO,NO,NO,NO,NO,NO,NO,NO,NO,YES
Priest,Humanoid,ANY,Medium,2,13,27,YES,1d6,N/A,348,2,10,10,12,13,16,13,NO,NO,NO,NO,NO,NO,NO,NO,NO,NO,YES
Pseudodragon,Dragon,NG,Tiny,.25,13,7,NO,1d4+2,1d4+2,254,0.25,6,15,13,10,12,10,NO,YES,YES,YES,NO,YES,YES,NO,NO,NO,YES
Pteranodon,Beast,U,Medium,.25,13,13,NO,2d4+1,N/A,80,0.25,12,15,10,2,9,5,NO,YES,NO,NO,YES,NO,YES,NO,NO,NO,NO
Purple Worm,Monstrosity,U,Gargantuan,15,18,247,NO,3d8+9,15d6+9,255,15,28,7,22,1,8,4,NO,NO,YES,NO,NO,NO,NO,NO,YES,NO,NO
Quadrone,Construct,LN,Medium,1,16,22,NO,1d4+1,1d6+1,226,1,12,14,12,10,10,11,NO,NO,NO,NO,NO,NO,NO,NO,NO,NO,NO
Quaggoth,Humanoid,CN,Medium,2,13,45,NO,1d6+3,N/A,256,2,17,12,16,6,12,7,NO,NO,NO,NO,NO,NO,NO,NO,YES,NO,NO
Quaggoth Spore Servant,Plant,U,Medium,1,13,45,NO,1d6+3,N/A,230,1,17,12,16,2,6,1,NO,NO,NO,NO,NO,NO,NO,NO,YES,NO,NO
Quasit,Fiend (Demon),CE,Tiny,1,13,7,NO,1d4+3,N/A,63,1,5,17,10,7,10,10,NO,NO,NO,NO,NO,NO,NO,NO,NO,NO,NO
Quipper,Beast,U,Tiny,0,13,1,NO,1,N/A,335,0,2,16,9,1,7,2,NO,NO,NO,NO,NO,NO,NO,NO,NO,YES,NO
Rakshasa,Fiend,LE,Medium,13,16,110,YES,2d6+2,N/A,257,13,14,17,18,13,16,20,NO,NO,NO,NO,NO,NO,NO,NO,NO,NO,YES
Rat,Beast,U,Tiny,0,10,1,NO,N/A,N/A,335,0,2,11,9,2,10,4,NO,NO,NO,NO,NO,NO,NO,YES,NO,NO,YES
Raven,Beast,U,Tiny,0,12,1,NO,1,N/A,335,0,2,14,8,2,12,6,NO,NO,NO,NO,NO,YES,NO,YES,NO,NO,YES
Adult Red Dragon,Dragon,CE,Huge,17,19,256,NO,2d10+2d6+8,2d6+8,98,17,27,10,25,16,13,21,NO,NO,NO,NO,NO,YES,YES,NO,NO,NO,NO
Ancient Red Dragon,Dragon,CE,Gargantuan,24,22,546,NO,2d10+4d6+10,2d6+10,97,24,30,10,29,18,15,23,NO,NO,NO,NO,NO,YES,YES,NO,NO,NO,NO
Wyrmling Red Dragon,Dragon,CE,Medium,4,17,75,NO,1d10+1d6+4,7d6,98,4,19,10,17,12,11,15,NO,NO,NO,NO,NO,NO,NO,NO,NO,NO,NO
Young Red Dragon,Dragon,CE,Large,10,18,178,NO,2d10+1d6+6,2d6+6,98,10,23,10,21,14,11,19,NO,NO,NO,NO,NO,YES,YES,NO,NO,NO,NO
Red Slaad,Aberration,CN,Large,5,14,93,NO,2d4+3,1d8+3,276,5,16,12,16,6,6,7,NO,NO,NO,NO,NO,NO,NO,NO,NO,NO,NO
Reef Shark,Beast,U,Medium,.5,12,22,NO,1d8+2,N/A,336,0.5,14,13,13,1,10,4,NO,NO,NO,NO,NO,NO,NO,NO,NO,YES,NO
Remorhaz,Monstrosity,U,Huge,11,17,195,NO,6d10+3d6+7,N/A,258,11,24,13,21,4,10,5,YES,NO,NO,NO,NO,NO,NO,NO,NO,NO,NO
Revenant,Undead,N,Medium,5,13,136,NO,2d6+4,N/A,259,5,18,14,18,13,16,18,YES,NO,YES,YES,NO,YES,NO,YES,NO,NO,YES
Rhinoceros,Beast,U,Large,2,11,45,NO,2d8+5,N/A,336,2,21,8,15,2,12,6,NO,NO,NO,NO,YES,NO,NO,NO,NO,NO,NO
Riding Horse,Beast,U,Large,.25,10,13,NO,2d4+3,N/A,336,0.25,16,10,12,2,11,7,NO,NO,NO,NO,YES,NO,NO,NO,NO,NO,YES
Roc,Monstrosity,U,Gargantuan,11,15,248,NO,4d8+9,4d6+9,260,11,28,10,20,3,10,9,YES,YES,YES,NO,NO,YES,YES,NO,NO,NO,NO
Roper,Monstrosity,NE,Large,5,20,93,NO,4d8+4,N/A,261,5,18,8,17,7,16,6,NO,NO,NO,NO,NO,NO,NO,NO,YES,NO,NO
Rug of Smothering,Construct,U,Large,2,12,33,NO,2d6+3,N/A,20,2,17,14,10,1,3,1,NO,NO,NO,NO,NO,NO,NO,NO,NO,NO,NO
Rust Monster,Monstrosity,U,Medium,.5,14,27,NO,1d8+1,N/A,262,0.5,13,12,13,2,13,6,NO,NO,NO,NO,NO,NO,NO,NO,YES,NO,NO
Saber-Toothed Tiger,Beast,U,Large,2,12,52,NO,1d10+5,2d6+5,336,2,18,14,15,3,12,8,YES,NO,NO,NO,NO,NO,YES,NO,NO,NO,NO
Sahuagin,Humanoid,LE,Medium,.5,12,22,NO,1d4+1,1d4+1,263,0.5,13,11,12,12,13,9,NO,YES,NO,NO,NO,NO,NO,NO,NO,YES,NO
Sahuagin Baron,Humanoid,LE,Large,5,16,76,NO,2d4+4,2d6+4,264,5,19,15,16,14,13,17,NO,YES,NO,NO,NO,NO,NO,NO,NO,YES,NO
Sahuagin Priestess,Humanoid,LE,Medium,2,12,33,YES,1d4+1,1d4+1,264,2,13,11,12,12,14,13,NO,YES,NO,NO,NO,NO,NO,NO,NO,YES,NO
Salamander,Elemental,NE,Large,5,15,90,NO,2d8+1d6+4,4d6+4,266,5,18,14,15,11,10,12,NO,NO,NO,NO,NO,NO,NO,NO,YES,NO,NO
Satyr,Fey,CN,Medium,.5,14,31,NO,2d4+1,1d6+3,267,0.5,12,16,11,12,10,14,NO,NO,NO,YES,NO,NO,NO,NO,NO,NO,NO
Scarecrow,Construct,CE,Medium,1,11,36,NO,2d4+1,N/A,268,1,11,13,11,10,10,13,NO,NO,NO,NO,YES,NO,NO,NO,NO,NO,NO
Scorpion,Beast,U,Tiny,0,11,1,NO,1,N/A,337,0,2,11,8,1,8,2,NO,NO,YES,NO,NO,NO,NO,NO,NO,NO,NO
Scout,Humanoid,ANY,Medium,.5,13,16,NO,1d6+2,1d8+2,349,0.5,11,14,12,11,13,11,YES,YES,YES,YES,YES,NO,YES,YES,YES,NO,NO
Sea Hag,Fey,CE,Medium,2,14,52,NO,2d6+3,N/A,179,2,16,13,16,12,12,13,NO,YES,NO,NO,NO,NO,NO,NO,NO,YES,NO
Sea Horse,Beast,U,Tiny,0,11,1,NO,N/A,N/A,337,0,1,12,8,1,10,2,NO,NO,NO,NO,NO,NO,NO,NO,NO,NO,NO
Shadow,Undead,CE,Medium,.5,12,16,NO,2d6+2,N/A,269,0.5,6,14,13,6,10,8,NO,NO,NO,NO,NO,NO,NO,NO,YES,NO,YES
Shadow Demon,Fiend (Demon),CE,Medium,4,13,66,NO,2d6+3,N/A,64,4,1,17,12,14,13,14,NO,NO,NO,NO,NO,NO,NO,NO,NO,NO,NO
Shadow Dragon,Dragon,CE,VARIES,13,18,178,NO,2d10+1d6+6,2d6+6,85,13,23,10,21,14,11,19,NO,NO,NO,NO,NO,NO,NO,NO,YES,NO,NO
Shambling Mound,Plant,U,Large,5,15,136,NO,2d8+4,N/A,270,5,18,8,16,5,10,5,NO,NO,NO,YES,NO,NO,NO,YES,NO,NO,NO
Shield Guardian,Construct,U,Large,7,17,142,NO,2d6+4,N/A,271,7,18,8,18,7,1,,NO,NO,NO,NO,NO,NO,NO,NO,NO,NO,YES
Shrieker,Plant,U,Medium,0,5,13,NO,N/A,N/A,138,0,1,1,10,1,10,3,NO,NO,NO,NO,NO,NO,NO,NO,YES,NO,NO
Adult Silver Dragon,Dragon,LG,Huge,16,19,243,NO,2d10+8,2d6+8,117,16,27,10,25,16,13,21,NO,NO,NO,NO,NO,NO,YES,NO,NO,NO,YES
Ancient Silver Dragon,Dragon,LG,Gargantuan,23,22,487,NO,2d10+10,2d6+10,116,23,30,10,29,18,15,23,NO,NO,NO,NO,NO,NO,YES,NO,NO,NO,YES
Wyrmling Silver Dragon,Dragon,LG,Medium,2,17,45,NO,1d10+4,4d8,118,2,19,10,17,12,11,15,NO,NO,NO,NO,NO,NO,NO,NO,NO,NO,NO
Young Silver Dragon,Dragon,LG,Large,9,18,168,NO,2d10+6,2d6+6,118,9,23,10,21,14,11,19,NO,NO,NO,NO,NO,NO,YES,NO,NO,NO,YES
Skeleton,Undead,LE,Medium,.25,13,13,NO,1d6+2,1d6+2,272,0.25,10,14,15,6,8,5,NO,NO,NO,NO,NO,NO,NO,NO,NO,NO,YES
Slaad Tadpole,Aberration,CN,Tiny,.125,12,10,NO,1d4+2,N/A,276,0.13,7,15,10,3,5,3,NO,NO,NO,NO,NO,NO,NO,NO,NO,NO,NO
Smoke Mephit,Elemental,NE,Small,.25,12,22,YES,1d4+2,N/A,217,0.25,6,14,12,10,10,11,NO,NO,NO,NO,NO,NO,NO,NO,NO,NO,YES
Solar,Celestial,LG,Large,21,21,243,YES,4d6+6d8+8,8d8+6,18,21,26,22,26,25,25,30,NO,NO,NO,NO,NO,NO,NO,NO,NO,NO,NO
Spectator,Aberration,LN,Medium,3,14,39,NO,1d6-1,N/A,30,3,8,14,14,13,14,11,NO,NO,NO,NO,NO,NO,NO,NO,YES,NO,NO
Specter,Undead,CE,Medium,1,12,22,NO,1d6,N/A,279,1,1,14,11,10,10,11,NO,NO,NO,NO,NO,NO,NO,NO,YES,NO,YES
Spider,Beast,U,Tiny,0,12,1,NO,1,N/A,337,0,2,14,8,1,10,2,NO,NO,NO,NO,NO,NO,NO,NO,NO,NO,NO
Spined Devil,Fiend (Devil),LE,Small,2,15,110,NO,1d6+3,2d6+3,78,2,10,15,12,11,14,8,NO,NO,NO,NO,NO,NO,NO,NO,NO,NO,NO
Spirit Naga,Monstrosity,CE,Large,8,15,75,YES,1d6+4,N/A,234,8,18,17,14,16,15,16,NO,NO,NO,NO,NO,NO,NO,NO,YES,NO,NO
Sprite,Fey,NG,Tiny,.25,15,2,NO,1,N/A,283,0.25,3,18,10,14,13,11,NO,NO,NO,YES,NO,NO,NO,NO,NO,NO,NO
Spy,Humanoid,ANY,Medium,1,12,27,NO,1d6+2,1d6+2,349,1,10,15,10,12,14,16,NO,NO,NO,NO,NO,NO,NO,NO,NO,NO,YES
Steam Mephit,Elemental,NE,Small,.25,10,21,YES,2d4,N/A,217,0.25,5,11,10,11,10,12,NO,NO,NO,NO,NO,NO,NO,NO,NO,YES,NO
Stirge,Beast,U,Tiny,.125,14,2,NO,1d4+3,N/A,284,0.13,4,16,11,2,8,6,NO,YES,YES,NO,YES,YES,YES,YES,YES,NO,YES
Stone Giant,Giant,N,Huge,7,17,126,NO,3d8+6,4d10+6,156,7,23,15,20,10,12,9,NO,NO,NO,NO,NO,YES,YES,NO,NO,NO,NO
Stone Golem,Construct,U,Large,10,17,178,NO,3d8+6,N/A,170,10,22,9,20,3,11,1,NO,NO,NO,NO,NO,NO,NO,NO,NO,NO,NO
Storm Giant,Giant,CG,Huge,13,16,230,YES,6d6+9,4d12+9,156,13,29,14,20,16,18,18,NO,YES,NO,NO,NO,NO,NO,NO,NO,YES,NO
Succubus/Incubus,Fiend,NE,Medium,4,15,66,NO,1d6+3,N/A,285,4,8,17,13,15,12,20,NO,NO,NO,NO,NO,NO,NO,NO,NO,NO,YES
Swarm of Bats,Beast,U,Medium,.25,12,22,NO,VARIES,N/A,337,0.25,5,15,10,2,12,4,NO,NO,NO,NO,NO,YES,YES,NO,YES,NO,YES
Swarm of Insects,Beast,U,Medium,.5,12,22,NO,VARIES,N/A,338,0.5,3,13,10,1,7,1,NO,NO,YES,YES,YES,NO,NO,YES,YES,NO,YES
Swarm of Poisonous Snakes,Beast,U,Medium,2,14,36,NO,VARIES,N/A,338,2,8,18,11,1,10,3,NO,NO,NO,YES,NO,NO,NO,YES,NO,NO,NO
Swarm of Quippers,Beast,U,Medium,1,13,28,NO,VARIES,N/A,338,1,13,16,9,1,7,2,NO,NO,NO,NO,NO,NO,NO,NO,NO,YES,NO
Swarm of Rats,Beast,U,Medium,.25,10,24,NO,VARIES,N/A,339,0.25,9,11,9,2,10,3,NO,NO,NO,NO,NO,NO,NO,YES,NO,NO,YES
Swarm of Ravens,Beast,U,Medium,.25,12,24,NO,VARIES,N/A,339,0.25,6,14,8,3,12,6,NO,NO,NO,YES,NO,YES,NO,YES,NO,NO,YES
Tarrasque,Monstrosity,U,Gargantuan,30,25,676,NO,4d8+10,4d10+10,286,30,30,11,30,3,11,11,NO,NO,NO,NO,NO,NO,NO,NO,NO,NO,YES
Thri-Kreen,Humanoid,CN,Medium,1,15,33,NO,1d6+1,2d4+1,288,1,12,15,13,8,12,7,NO,NO,YES,NO,YES,NO,NO,NO,NO,NO,NO
Thug,Humanoid,NOT GOOD,Medium,.5,11,32,NO,1d6+2,1d10,350,0.5,15,11,14,10,10,11,NO,NO,NO,NO,NO,NO,NO,NO,NO,NO,YES
Tiger,Beast,U,Large,1,12,37,NO,1d10+3,1d8+3,339,1,17,15,14,3,12,8,NO,NO,NO,YES,YES,NO,NO,NO,NO,NO,NO
Treant,Plant,CG,Huge,9,16,138,NO,3d6+6,4d10+6,289,9,23,8,21,12,16,12,NO,NO,NO,YES,NO,NO,NO,NO,NO,NO,NO
Tribal Warrior,Humanoid,ANY,Medium,.125,12,11,NO,1d8+1,N/A,350,0.13,13,11,12,8,11,8,YES,YES,YES,YES,YES,YES,YES,YES,YES,NO,NO
Triceratops,Beast,U,Huge,5,13,95,NO,4d8+6,3d10+6,80,5,22,9,17,2,11,5,NO,NO,NO,NO,YES,NO,NO,NO,NO,NO,NO
Tridrone,Construct,LN,Medium,.5,15,16,NO,1d4+1,1d6+1,225,0.5,12,13,12,9,10,9,NO,NO,NO,NO,NO,NO,NO,NO,NO,NO,NO
Troglodyte,Humanoid,CE,Medium,.25,11,13,NO,1d4+2,1d4+2,290,0.25,14,10,14,6,10,6,NO,NO,NO,NO,NO,NO,NO,NO,YES,NO,NO
Troll,Giant,CE,Large,5,15,84,NO,1d6+4,2d6+4,291,5,18,13,20,7,9,7,YES,NO,NO,YES,NO,YES,YES,YES,YES,NO,NO
Twig Blight,Plant,NE,Small,.125,13,4,NO,1d4+1,N/A,32,0.13,6,13,12,4,8,3,NO,NO,NO,YES,NO,NO,NO,NO,NO,NO,NO
Tyrannosaurus Rex,Beast,U,Huge,8,13,136,NO,4d12+7,3d8+7,80,8,25,10,19,2,12,9,NO,NO,NO,NO,YES,NO,NO,NO,NO,NO,NO
Ultroloth,Fiend,NE,Medium,13,19,153,YES,1d10+3,N/A,314,13,16,16,18,18,15,19,NO,NO,NO,NO,NO,NO,NO,NO,NO,NO,NO
Umber Hulk,Monstrosity,CE,Large,5,18,93,NO,1d8+5,2d8+5,292,5,20,13,16,9,10,10,NO,NO,NO,NO,NO,NO,NO,NO,YES,NO,NO
Unicorn,Celestial,LG,Large,5,12,67,YES,2d6+4,1d8+4,294,5,18,14,15,11,17,16,NO,NO,NO,YES,NO,NO,NO,NO,NO,NO,NO
Vampire,Undead,LE,Medium,13,16,144,NO,4d6+4,N/A,297,13,18,18,18,17,15,18,NO,NO,NO,NO,NO,NO,NO,NO,NO,NO,YES
Vampire Spawn,Undead,NE,Medium,5,15,82,NO,2d4+3,3d6+3,298,5,16,16,16,11,10,12,NO,NO,NO,NO,NO,NO,NO,NO,YES,NO,YES
Veteran,Humanoid,ANY,Medium,3,17,58,NO,1d10+3,1d6+3,350,3,16,13,14,10,11,10,YES,YES,NO,YES,YES,YES,YES,NO,YES,NO,YES
Vine Blight,Plant,NE,Medium,.5,12,26,NO,2d6+2,N/A,32,0.5,15,8,14,5,10,3,NO,NO,NO,YES,NO,NO,NO,NO,NO,NO,NO
Violet Fungus,Plant,U,Medium,.25,5,18,NO,1d8,N/A,138,0.25,3,1,10,1,3,1,NO,NO,NO,NO,NO,NO,NO,NO,YES,NO,NO
Vrock,Fiend (Demon),CE,Large,6,15,104,NO,2d6+3,2d10+3,64,6,17,15,18,8,13,8,NO,NO,NO,NO,NO,NO,NO,NO,NO,NO,NO
Vulture,Beast,U,Medium,0,10,5,NO,1d4,N/A,339,0,7,10,13,2,12,4,NO,NO,YES,NO,YES,YES,NO,NO,NO,NO,NO
Warhorse,Beast,U,Large,.5,11,19,NO,2d6+4,N/A,340,0.5,18,12,13,2,12,7,NO,NO,NO,NO,NO,NO,NO,NO,NO,NO,YES
Warhorse Skeleton,Undead,LE,Large,.5,13,22,NO,2d6+4,N/A,273,0.5,18,12,15,2,8,5,NO,NO,NO,NO,NO,NO,NO,NO,NO,NO,NO
Water Elemental,Elemental,N,Large,5,14,114,NO,2d8+4,N/A,125,5,18,14,18,5,10,8,NO,YES,NO,NO,NO,NO,NO,YES,NO,YES,NO
Water Weird,Elemental,N,Large,3,13,58,NO,2d6+3,N/A,299,3,17,16,13,11,10,10,NO,NO,NO,NO,NO,NO,NO,NO,YES,NO,YES
Weasel,Beast,U,Tiny,0,13,1,NO,1,N/A,340,0,3,16,8,2,12,3,NO,NO,NO,NO,NO,NO,NO,NO,NO,NO,NO
Werebear,Humanoid,NG,Medium,5,11,135,NO,2d10+4,N/A,208,5,19,10,17,11,12,12,YES,NO,NO,YES,NO,NO,NO,NO,NO,NO,NO
Wereboar,Humanoid,NE,Medium,4,11,78,NO,2d6+3,2d6+3,209,4,17,10,15,10,11,8,NO,NO,NO,NO,YES,YES,NO,NO,NO,NO,NO
Wererat,Humanoid,LE,Medium,2,12,35,NO,1d4+2,1d6+2,209,2,10,15,12,11,10,8,NO,NO,NO,YES,YES,NO,NO,NO,NO,NO,YES
Weretiger,Humanoid,N,Medium,4,12,120,NO,1d10+3,1d8+3,210,4,17,15,16,10,13,11,NO,NO,YES,NO,NO,NO,NO,NO,NO,NO,NO
Werewolf,Humanoid,CE,Medium,3,12,58,NO,1d8+2,2d4+2,211,3,15,13,14,10,11,10,NO,NO,NO,YES,NO,YES,NO,NO,NO,NO,NO
Adult White Dragon,Dragon,CE,Huge,13,18,200,NO,2d10+1d8+6,2d6+6,101,13,22,10,22,8,12,12,YES,NO,NO,NO,NO,NO,NO,NO,NO,NO,NO
Ancient White Dragon,Dragon,CE,Gargantuan,20,20,333,NO,2d10+2d8+8,2d6+8,100,20,26,10,26,10,13,14,YES,NO,NO,NO,NO,NO,NO,NO,NO,NO,NO
Wyrmling White Dragon,Dragon,CE,Medium,2,16,32,NO,1d10+1d4+2,5d8,102,2,14,10,14,5,10,11,NO,NO,NO,NO,NO,NO,NO,NO,NO,NO,NO
Young White Dragon,Dragon,CE,Large,6,14,135,NO,2d10+1d8+4,2d6+4,101,6,18,10,18,6,11,12,YES,NO,NO,NO,NO,NO,NO,NO,NO,NO,NO
Wight,Undead,NE,Medium,3,14,45,NO,1d6+2,1d10+2,300,3,15,14,16,10,13,15,NO,NO,YES,NO,NO,NO,NO,YES,YES,NO,YES
Will-O'-Wisp,Undead,CE,Tiny,2,19,22,NO,2d8,N/A,301,2,1,28,10,13,14,11,NO,NO,NO,YES,NO,NO,NO,YES,NO,NO,YES
Winged Kobold,Humanoid,LE,Small,.25,13,7,NO,1d4+3,1d6+3,195,0.25,7,16,9,8,7,8,YES,YES,YES,YES,NO,YES,YES,YES,YES,NO,YES
Winter Wolf,Monstrosity,NE,Large,3,13,75,NO,2d6+4,4d8,340,3,18,13,14,7,12,8,YES,NO,NO,NO,NO,NO,NO,NO,NO,NO,NO
Wolf,Beast,U,Medium,.25,13,11,NO,2d4+4,N/A,341,0.25,12,15,12,3,12,6,NO,NO,NO,YES,YES,YES,NO,NO,NO,NO,NO
Worg,Monstrosity,NE,Large,.5,13,26,NO,2d6+3,N/A,341,0.5,16,13,13,7,11,8,NO,NO,NO,YES,YES,NO,NO,NO,NO,NO,NO
Wraith,Undead,NE,Medium,5,13,67,NO,4d8+3,N/A,302,5,6,16,16,12,14,15,NO,NO,NO,NO,NO,NO,NO,NO,YES,NO,NO
Wyvern,Dragon,U,Large,6,13,110,NO,2d6+4,2d8+4,303,6,19,1,16,5,12,6,NO,NO,NO,NO,NO,YES,YES,NO,NO,NO,NO
Xorn,Elemental,N,Medium,5,19,73,NO,1d6+3,3d6+3,304,5,17,10,22,11,10,11,NO,NO,NO,NO,NO,NO,NO,NO,YES,NO,NO
Yeti,Monstrosity,CE,Large,3,12,51,NO,2d6+4,N/A,305,3,18,13,16,8,12,7,YES,NO,NO,NO,NO,NO,NO,NO,NO,NO,NO
Yochlol,Fiend (Demon),CE,Medium,10,15,136,YES,7d6+2,N/A,65,10,15,14,18,13,15,15,NO,NO,NO,NO,NO,NO,NO,NO,NO,NO,NO
Young Remorhaz,Monstrosity,U,Large,5,14,93,NO,3d10+2d6+4,N/A,258,5,18,13,17,3,10,4,YES,NO,NO,NO,NO,NO,NO,NO,NO,NO,NO
Yuan-Ti Abomination,Monstrosity,NE,Large,7,15,127,YES,4d6+4,2d6+4,308,7,19,16,17,17,15,18,NO,NO,YES,YES,NO,NO,NO,YES,NO,NO,YES
Yuan-Ti Malison,Monstrosity,NE,Medium,3,12,66,YES,VARIES,N/A,309,3,16,14,13,14,12,16,NO,NO,YES,YES,NO,NO,NO,YES,NO,NO,YES
Yuan-Ti Pureblood,Monstrosity,NE,Medium,1,11,40,YES,1d6+1,1d6+1,310,1,11,12,11,13,12,14,NO,NO,YES,YES,NO,NO,NO,YES,NO,NO,YES
Zombie,Undead,NE,Medium,.25,8,22,NO,1d6+1,N/A,316,0.25,13,6,16,3,6,5,NO,NO,NO,NO,NO,NO,NO,NO,NO,NO,YES
